[{"bank":"Bangladesh Bank","postName":"Assistant Director","year":"2001","wordList":["Assiduous","Delivered on","Harbinger","Hyperbolic","Panacea","Specious"]},{"bank":"Bangladesh Bank","postName":"Assistant Director","year":"2004","wordList":["Accumulate","Aggravate","Alleviate","Economize"]},{"bank":"Islami Bank Bangladesh Ltd.","postName":"Probationary Officer","year":"2005","wordList":["Adult","Benefactors","Dispersed","Dissolved","Glossary","Intemperance","Kitten","Legend","Perplexing","Scarf","Text","Wick"]},{"bank":"Bangladesh Bank","postName":"Assistant Director","year":"2006","wordList":["Aftermath","Be that as it may","Repercussion"]},{"bank":"Islami Bank Bangladesh Ltd.","postName":"Assistant Officer","year":"2006","wordList":["Die from","Run over"]},{"bank":"Islami Bank Bangladesh Ltd.","postName":"Probationary Officer","year":"2007","wordList":["Antibiotic","Coagulant","Damp","Diminish","Disrupt","Drench","Extol","Hedge","Impassivity","Incongruous","Interplay","Prune","Shy","Trim"]},{"bank":"Eastern Bank Ltd.","postName":"Management Trainee Officer","year":"2007","wordList":["Apportion","Aspire","Commotion","Congenial","Considered","Contrary to","Cordial","Deemed","Discern","Disorder","Distribute","Endure","Happen","Leap at","Make out","Opposite to","Put up with","Seize","Tolerate","Transpire","Wish"]},{"bank":"Sonali, Janata, Agrani & Rupali Bank","postName":"Senior Officer","year":"2008","wordList":["Add up","Desire","Directly","Economical","Elucidate","Evanescent","Fleeting","Frugal","Impetus","Impulse","Industrious","Lethargic","Motive","Out of hand","Parsimonious","Stimulus","Transient","Transitory","expound","sparing"]},{"bank":"Sonali, Janata, Agrani & Rupali Bank, RAKUB","postName":"Officer","year":"2008","wordList":["Abandon","Consolidation","Desert","Fragmentation","Gentle","Myopic","Panic","Relax","Replicate","Rude","Shortsighted"]},{"bank":"Janata, Sonali & Agrani Bank Ltd.","postName":"Officer (Cash)","year":"2008","wordList":["Affirm","Assert","Barrier","Broad minded","Deny","Discontented","Hindrance","Miserable","Myopic"]},{"bank":"Bagladesh Bank","postName":"Assistant Director","year":"2008","wordList":["Barter","Enlarge","Expound","Velocity"]},{"bank":"Islami Bank Bangladesh Ltd.","postName":"Probationary Officer","year":"2008","wordList":["Ambiguous","Ardent","Contrary to","Counsel","Eager","Relent","Seek","Solicit","Succumb","Unclear","Yield"]},{"bank":"Islami Bank Bangladesh Ltd.","postName":"Assistant Officer","year":"2008","wordList":["Acquiescent","Balance","Cohesive","Conscious","Deny","Distort","Enthusiastic","Half hearted","Harmonize","Hold up","Indifferent","Indifferent","Retard","Stick together","Submission","Twist","Yielding"]},{"bank":"Janata Bank Ltd.","postName":"Officer","year":"2009","wordList":["Crucial","Generic","Indispensable","Meager","Proliferation","Scanty","Wrath"]},{"bank":"Bangladesh Bank","postName":"Assistant Director","year":"2009","wordList":["Conceal","Deliberately","Disgraceful","Expose","Glorious","Gratis","Inadvertent","Intentionl","Unearth","Unintended"]},{"bank":"Islami Bank Bangladesh Ltd.","postName":"Probationary Officer","year":"2009","wordList":["Animated","Arouse","Articulate","Censure","Dabbling","Damp","Deliberation","Discontinue","Disingenuous","Distort","Express","Fortify","Humid","Intermittent","Lively","Obdurately","Out of date","Outmoded","Periodic","Prerequisite","Provoke","Reinforce","Required","Spiteful","Stubbornly","Superficial","Tailor","Verified","Vindictive","shorten"]},{"bank":"Agrani Bank Ltd.","postName":"Senior Officer","year":"2010","wordList":["Ball to the wall","Bemuse","Bewilder","Claim","In full force","Lethargy","Mildness","Muddle","Perplex","Pitfall","Postulate","Puzzle","Severity","Shortcoming","Tantamount","Unequal","Vigor"]},{"bank":"Bangladesh Bank","postName":"Assistant Director","year":"2010","wordList":["Assume","Complacency","Inevitable","Irresistible","Luminous","Postulate","Radiant","Resist","Serenity"]},{"bank":"Sonali Bank Ltd.","postName":"Senior Officer","year":"2010","wordList":["Bustling","Chide","Commend","Convicted","Cretin","Culpable","Demur","Dullard","Halcyon","Imbecile","In the nick of time","Ninny","On their toes","Parsimonious","Pay off old scores","Placid","Plucky","Pretty Tenny","Prodigal","Pusillanimous","Rebuke","Reproach","Sage","Scold","Serene","Spunky","Thrifty","Tranquil","Valorous","Venturesome","Very last minute"]},{"bank":"Rupali Bank Ltd.","postName":"Senior Officer","year":"2010","wordList":["Ancillary","Common","Complacent","Compulsory","Docile","Fragile","Maiden Speech","Salient","Shove","Unruly","Visible"]},{"bank":"Rupali Bank Ltd.","postName":"Officer","year":"2010","wordList":["Begin","Cereal","Come round","Craft","Grain","Honorary","Hut Upon","Moral","Queue","Terminate","Voluntary"]},{"bank":"Islami Bank Bangladesh Ltd.","postName":"Probationary Officer","year":"2010","wordList":["Adhere","Assimilate","Expand","Flammable","Forestry","Fragile","Horticulture","Proliferate","Provincial","Revolutionary","Volume"]},{"bank":"Bangladesh House Building & Finance Corporation","postName":"","year":"2010","wordList":["Hindrance","Obstruct","Pros anel Cons"]},{"bank":"Islami Bank Bangladesh Ltd.","postName":"Probationary Officer","year":"2010","wordList":["Amalgamate","Concur","Denial","Dissent","Isolate","Mobile"]},{"bank":"Islami Bank Bangladesh Ltd.","postName":"Administrative Officer","year":"2010","wordList":["Accede","Adapt","Amalgamate","Beneficial to","Blue chip","Call off","Compensate","Concur","Confidence in","Conspicuous","Custodian","Denial","Discipline","Dissent","En Route","Immature","Impulsive","Incipient","Insist","Isolate","Live by something","Lucrative","Mercy","Moisture","Mute","Profitable","Skeptical","Transparent","Underlying","Vary","Vindictive"]},{"bank":"Islami Bank Bangladesh Ltd.","postName":"Probationary Officer","year":"2010","wordList":["Amethyst","Hem","Lumen","Topaz","Walk"]},{"bank":"Janata Bank Ltd.","postName":"Junior Officer","year":"2011","wordList":["Assumed","Cunning","Diligent","Enhance","Exorbitant","Hypothetical","Industrious","Inflated","Ingenuous","Sophisticated"]},{"bank":"Bangladesh Krishi Bank","postName":"Senior Officer","year":"2011","wordList":["Acquit","Brittle","Cursory","Cursory","Durable","Enduring","Exculpate","Exonerate","Fragile","Imprison","Inadequate","Insignificant","Profound","Profound","Shallow","Shallow","Superficial","Superficial","Thorough"]},{"bank":"Bangladesh Krishi Bank","postName":"Trainee Officer","year":"2011","wordList":["Courageous","Cowardly","Craven","Obdurate","Strident","Tough","Vociferous"]},{"bank":"Bangladesh Krishi Bank.","postName":"Officer (Cash)","year":"2011","wordList":["Adopted","Denial","Fiasco","Hegemony","Refused","Subordination"]},{"bank":"Rajshahi Krishi Unnoyon Bank","postName":"Senior Officer","year":"2011","wordList":["Boorishness","Celibacy","Chastity","Effeminacy","Gratis","Kudos","Misconstrue","Nip in the bud","Opaque","obscure"]},{"bank":"Rajshahi Krishi Unnoyon Bank","postName":"Officer","year":"2011","wordList":["Arbitrary","Bankrupt","Intentional","Nadir","Poignant","Solvent","Transient","Unwitting","Zenith"]},{"bank":"Karmasangsthan Bank","postName":"Data Entry Operator","year":"2011","wordList":["Abolish","Bona fide","Enduring","Enlarge","Facilitate","Fragile","Prohibit","Shrink","Verdict"]},{"bank":"Bangladesh Development Bank Ltd.","postName":"Senior Officer (General)","year":"2011","wordList":["Abbreviate","Currency","Laissez Faire","Obsolescence","Orchestrate","Precedence","Priority","Protract","Species","Tenure"]},{"bank":"Investment Corporation of Bangladesh","postName":"Senior Officer","year":"2011","wordList":["Compulsory","Consent","Ecological","Eligible","Enclose","Entrepreneur","Mandatory","Redundant","Refuse","Remedy","Scholar","Suitable","Take out","Unsuitable"]},{"bank":"Bangladesh House Building Finance Corporation","postName":"Officer","year":"2011","wordList":["Adulterate","Allayed","Appraise","Concentration","Creek","Dilute","Fill the bill","Opacity","Transparency"]},{"bank":"Mutual Trust Bank Ltd.","postName":"Management Trainee","year":"2011","wordList":["Abdicate","Attitude","Butcher","Contestant","Cygnet","Despite","Estate","Fluid","In spite of","Loyalty","Magnanimous","Miserly","Nastiness","Overrule","Pilgrim","Rescue","Seal","Shrine","Spite","Trivial","Wire"]},{"bank":"Bangladesh Bank","postName":"Officer","year":"2011","wordList":["Adverse","Disobedient","Flexible","Hostile","In deep water","Mild","Narrow","Tough","Unruly","Untamed","Wide"]},{"bank":"AB Bank Ltd.","postName":"Management Trainee Officer","year":"2011","wordList":["Antidote","Concentrate","Contend","Curiosity","Deprive","Diffuse","Divulge","Drowsiness","Evaluate by oneself","Expert","Extravagant","Imply","Inflation","Lacking","Lethargy","Multifarious","Practiced","Prodigal","Proficient","Recession","Restore","Sedative","Skillful","Spendthrift","Stagnation","Tonic","Wanderlust","adept"]},{"bank":"Al-Arafah Islami Bank Ltd.","postName":"Management Trainee Officer","year":"2011","wordList":["Admirable","Divulge","Elicit","Fertile","Fling","Mystique","Nemesis","Plenty","Prolific","Rein","Reward"]},{"bank":"United Commercial Bank Ltd.","postName":"Officer","year":"2011","wordList":["Courtroom","Drowsiness","Forethought","Headlong","Lawyer","Numbness","Sacrifice","Sedative","Worship"]},{"bank":"Bank Asia Ltd.","postName":"Management Trainee Officer","year":"2011","wordList":["Elevating","Infuriate","Overlook","Rigorous","Widespread"]},{"bank":"City Bank Ltd.","postName":"Probationary Officer","year":"2011","wordList":["A Dark Horse","Deals in","Migratory Birds","Nomad","Put up with"]},{"bank":"Dhaka Bank Ltd.","postName":"Management Trainee Officer","year":"2011","wordList":["Affluent","Inhibited","Live by","On the spur of the moment","Profile","Vicariously","Wick"]},{"bank":"NCC Bank Ltd.","postName":"Management Trainee Officer","year":"2011","wordList":["Chores","Copy","Dependlable","Eccentric","Emulate","Explicit","Reliable","Strangest","Work at home"]},{"bank":"Islami Bank Bangladesh Ltd.","postName":"Probationary Officer","year":"2011","wordList":["Aggressive","Botany","Callow","Categorized","Communication","Confirmed","Congruity","Dichotomy","Distracted","Generosity","Intolerant","Inveterate","Saw","Scissors","Shy","Zoology"]},{"bank":"United Commercial Bank Ltd.","postName":"Management Trainee Officer","year":"2011","wordList":["Affluent","Eloquent","Empathy","Euphoria","Gloom","Inarticulate","Indigent","Inflexible","Resilient"]},{"bank":"Islami Bank Bangladesh Ltd.","postName":"Administrative Officer","year":"2011","wordList":["Alchemy","Apposite","By and large","Census","Conviction","Heart and soul","Hostile","Inconsistency","Inventory","Merchandise","Nostrum","Obsequious","Persistence","Skepticism","Subservient","White elephant"]},{"bank":"Bangladesh Bank","postName":"Officer (Cash)","year":"2011","wordList":["Depressed","Epic","Glow","Melancholy","Plausibility","Serene","Skepticism","Vacant"]},{"bank":"Uttara Bank Ltd.","postName":"AO (Cash)","year":"2011","wordList":["Abstain","Comic","Grave","Majestic","Nimble","Onerous","Plain","Rigorous","Seek","Solicit","Steady","Sublime","Supporter","Thought provoking","Tragic","Volatile","Whimsical","With hold","Zealot"]},{"bank":"Islami Bank Bangladesh Ltd.","postName":"Probationary Officer","year":"2011","wordList":["Ambiguous","Cast aspersicon on","Inconsistency","Lucid","Man of principle","Opportunist","Persistence","Quota","Tout","Tranquility","Turbulence"]},{"bank":"Bangladesh Band","postName":"Assistant Director","year":"2011","wordList":["Appraisal","Beginning","Defend","Determine","Estimate","Gargantuan","Genesis","Mine","Refinery","Resist","Tiny","Vacillate"]},{"bank":"Agrani Bank Ltd.","postName":"Senior Officer","year":"2011","wordList":["Abate","Apple of discard","Appreciate","Eat into vitals","Frown","Head and Ears","Interrupt","Rank and file","Soothe"]},{"bank":"Agrani Bank Ltd.","postName":"Officer","year":"2011","wordList":["Above board","At bottom","Cut and dried","Dead and buried","Frank","Odds and ends"]},{"bank":"Janata Bank Ltd.","postName":"AED","year":"2011","wordList":["Assumed","Bona fide","Debacle","Diligent","Enhance","Exorbitant","Hypothetical","Improve","Industrious","Inflated","Ingenuous","Spurious"]},{"bank":"Rajshahi Krishi Unnoyon Bank","postName":"Senior Officer","year":"2011","wordList":["Praise"]},{"bank":"Janata Bank Ltd.","postName":"Junior Officer","year":"2011","wordList":["Indolent"]},{"bank":"Bangladesh Bank","postName":"Officer","year":"2011","wordList":["Rigid"]},{"bank":"Premier Bank Ltd.","postName":"Management Trainee Officer","year":"2012","wordList":["Accomplice","Afford","Agreement","Amateur","Apologize","Eager","Forgive","Geriatrics","Magnanimous","Prefer","Sufficient"]},{"bank":"Southeast Bank Ltd.","postName":"Probationary Officer","year":"2012","wordList":["Obstacle","Offered","Presented","Road block"]},{"bank":"Standard Bank Ltd.","postName":"Probationary Officer","year":"2012","wordList":["Distant","Extrinsic","Internal","Remote"]},{"bank":"Trust Bank Ltd.","postName":"AC Officer","year":"2012","wordList":["Deficit","Effect","Ensure","Magnify","Reduce","Shortage"]},{"bank":"Trust Bank Ltd.","postName":"Assistant Officer","year":"2012","wordList":["Demonstrate","Dissuade","Lavish","Lax","Malaise","Perennial","Portend","Profusion","Straightforward","harbor"]},{"bank":"Agrani Bank Ltd.","postName":"Officer (Cash)","year":"2012","wordList":["Claim","Comfort","Confused","Discomfort","Famous","Few","Obscure","Perplex","Postulate","Pressing","Unlimited","Urgency"]},{"bank":"Bangladesh Krishi Bank","postName":"Senior Officer","year":"2012","wordList":["Annoyed","Clarity","Confusion","Harsh","Kind","Lenient","Naive","Rude","Sophisticated"]},{"bank":"Bangladesh Krishi Bank Ltd","postName":"Cash","year":"2012","wordList":["Celebrity","Mediator","Superstar"]},{"bank":"Bangladesh Krishi Bank Ltd","postName":"Inspector","year":"2012","wordList":["Bibliography","Reptile"]},{"bank":"Janata Bank Ltd.","postName":"Executive Officer","year":"2012","wordList":["Cosmopolitan","Deleterious","Determined","Fertile","Interesting","Isolated","Monotonous","Provincial","Rite","Spurious","Vacillate"]},{"bank":"Islami Bank Bangladesh Ltd.","postName":"Probationary Officer","year":"2012","wordList":["Capable","Competent","Conspirator","Enterprise","Entrepreneur","Franchise","Panoramic","Privilege","Restricted","Thrive","Usury","Wrath"]},{"bank":"Islami Bank Bangladesh Ltd.","postName":"Assistant Officer","year":"2012","wordList":["Abhor","Amity","Condense","Coward","Dispute","Enmity","Massive","Merciless","Tiny","Vacillate","Waver"]},{"bank":"IFIC Bank Ltd.","postName":"Trainee Officer","year":"2012","wordList":["Controversial","Dispelling","Divergent","Lavish","Profusion","Tremulousness","Variety"]},{"bank":"Mutual Trust Bank Ltd.","postName":"Probationary Officer","year":"2012","wordList":["Assume","Belie","Ignored","Indolence","Revere","Shard","Splinter","Tormentor"]},{"bank":"National Bank Ltd.","postName":"Probationary Officer","year":"2012","wordList":["Adverse","Agenda","Catastrophic","Immediacy","Imposter","Incorrigible","Menace","Non Eco Friendly","Practicality","Preconceived","Resolution","Versatile"]},{"bank":"Islami Bank Bangladesh Ltd.","postName":"Probationary Officer","year":"2012","wordList":["Bangle","Insight","Necklace","Plagiarism","Profundity","Skill","Veranda","Virtuosity"]},{"bank":"Pubali Bank Ltd.","postName":"JO (Cash)","year":"2012","wordList":["Adept","Ambiguous","Disgraceful","Gracious","Inadvertent","Inept","Intentional","Mentor","Plethora","Reveal","expose"]},{"bank":"Islami Bank Bangladesh Ltd.","postName":"Administrative Officer","year":"2012","wordList":["Authentic","Blame","Greedy","Indolent","Lazy","Pardon","Perishable","Proper","Selfish","Sound","Suitable","Swift","Temporary","counterfeit"]},{"bank":"Agrani Bank Itd.","postName":"Officer","year":"2012","wordList":["Accrue","Affluence","Aggravate","Alleviate","Amass","Colossal","Dearth","Discipline","Distant","Evasive","Lucid","Meticulous","Proximate","Punish","Scarcity"]},{"bank":"Pubali Bank Ltd.","postName":"Senior Officer","year":"2012","wordList":["Botany","Energetic","Expedite","Feasible","Impede","Impracticable","Knit","Lethargic","Needle","Paucity","Spurious","Sufficiency","Zoology","loom","weave"]},{"bank":"Bangladesh Bank","postName":"Assistant Director","year":"2012","wordList":["Amalgamate","Artery","Barometer","Bona fide","Conduit","Debacle","Grandiose","Hygrometer","Maintain","Separate","Similar","Untenable","blood"]},{"bank":"Islami Bank Bangladesh Ltd.","postName":"Probationary Officer","year":"2012","wordList":["Capable","Competent","Franchise","Panoramic","Privilege","Scenic","Thrive"]},{"bank":"Dutch-Bangla Bank Ltd.","postName":"Probationary Officer","year":"2012","wordList":["Aggression","Doubted","Efficient","Endemic","Obey","Predict","Prevalent","Reciprocate","Squandering","Stellar"]},{"bank":"Jamuna Bank Ltd.","postName":"Probationary Officer","year":"2012","wordList":["Alien","Catastrophic","Diverse","Exhibit","Globalization","Impoverished","Impressive","Preconceive","Tendency"]},{"bank":"ONE Bank Ltd.","postName":"Special Cadre Officer","year":"2012","wordList":["Coward","Crucial","Memento","Perceptible","Philanthropist","Proliferate","Spokesman","Utopia","brave"]},{"bank":"Bangladesh Krishi Bank Ltd","postName":"Inspector","year":"2012","wordList":["Leopard"]},{"bank":"Islami Bank Bangladesh Ltd.","postName":"Probationary Officer","year":"2012","wordList":["Secrecy"]},{"bank":"National Bank Ltd.","postName":"Probationary Officer","year":"2012","wordList":["Impoverished"]},{"bank":"EXIM Bank Ltd.","postName":"Management Trainee Officer","year":"2013","wordList":["Alienation","Console","Fundamental","Indignant","Insidious","Merit","Prosperity","Rhetoric","Specious","Stealthily","Tardiness","Untenable"]},{"bank":"Al-Arafah Islami Bank Ltd.","postName":"Management Trainee Officer","year":"2013","wordList":["Astute","Autobiography","Biography","Deference","Expeditious","Nod","Panacea","Stoic","Wisdom"]},{"bank":"EXIM Bank Ltd.","postName":"Officer (Cash)","year":"2013","wordList":["Caution","Denounce","Dislodge","Retreat","Retrieve"]},{"bank":"IFIC Bank Ltd.","postName":"Management Trainee Officer","year":"2013","wordList":["Acerbic","Acidulous","Bonsai","Clumsy","Dishevel","Intractable","Obstinate","Panacea","Philistine","Pliable","Primp","Recalcitrant","Rumple","Satire","Stubborn","Tousle","Tribute","Vitriolic","Waspish"]},{"bank":"IFIC Bank Ltd.","postName":"Officer (Cash)","year":"2013","wordList":["Accessible","Approachable","Autonomous","Increment","Minor","Self governing"]},{"bank":"Mercantile Bank Ltd.","postName":"Trainee Office","year":"2013","wordList":["Brainteaser","Capricious","Conundrum","Cursory","Enigma","Flagging","Fledgling","Greenhorn","Lampoon","Neophyte","Pertinent","Riddle","Sacrilege"]},{"bank":"Premier Bank Ltd.","postName":"Junior Officer (Cash)","year":"2013","wordList":["Analogous","Defamation","Deviation","Emulation","Eulogy","Inexplicable","Possessed","Revealing"]},{"bank":"Pubali Bank Ltd.","postName":"Junior Officer (Cash)","year":"2013","wordList":["Active","Contract","Energetic","Enlarge","Enormous","Exodus","Influx","Lethargic","Quiescent","Tiny"]},{"bank":"Pubali Bank Ltd.","postName":"Senior Officer","year":"2013","wordList":["Artless","Exotic","Integrity","Predictable","Sly","Unfriendly","Unpredictable","Whimsical"]},{"bank":"Rupali Bank Ltd.","postName":"Senior Officer","year":"2013","wordList":["Anxiety","Attribute","Calmness","Demand","Disprove","Exigency","Impute","Refute","Serenity","Worry"]},{"bank":"Shahjalal Islami Bank Ltd.","postName":"Trainee Senior Officer","year":"2013","wordList":["Archaeology","Aristocracy","Austere","Exodus","Hymn","Luxurious","Postscript"]},{"bank":"Rupali Bank Ltd.","postName":"Junior Officer","year":"2013","wordList":["Anthropology","Castigate","Easygoing","Extol","Fastidious","Hunting","Lawn"]},{"bank":"Agrani Bank Ltd.","postName":"Officer (Cash)","year":"2013","wordList":["Erratic","Facilitate","Irregular","Manifest","Obscure","Profession","Training"]},{"bank":"Agrani Bank Ltd.","postName":"Senior Officer","year":"2013","wordList":["Coherent","Grateful","Gratitude","Illogical","Inadvertent","Owe","Unintentional"]},{"bank":"Sonali Bank Ltd.","postName":"Officer and Officer(Cash)","year":"2013","wordList":["Abhor","Circulation","Despise","Influence","Lucrative","Obstacle","Opaque","Profitable","Transparent"]},{"bank":"Sonali Bank Ltd.","postName":"Senior officer","year":"2013","wordList":["Acceleration","Hastening","Vigorous"]},{"bank":"Karmashongsthan Bank.","postName":"Senior officer","year":"2013","wordList":["Decent","Descent","Emigrant","Immigrant","Medal","Meddle","Ordinance","Ordnance","Wander","Wonder"]},{"bank":"BASIC Bank Ltd.","postName":"Assistant Manager","year":"2013","wordList":["Admonish","Audacious","Casualties","Chagrin","Chide","Conduit","Conscript","Equilateral","Equilibrate","Equivocal","Improbable","Intake","Irk","Magnify","Mortalities","Novice","Partake","Rectify","Restrained","Rookie","Simplify","Sober","Undertake","Unfathomable","Unimaginable","Unreadable"]},{"bank":"Exim Bank Ltd.","postName":"Officer (IT)","year":"2013","wordList":["Collide","Corpulent","Deterrent","Devise","Doggedly","Gluttony","Indolent","Put up a plan","Reach","Run into"]},{"bank":"Islami Bank Bangladesh Ltd.","postName":"AO (Grade 3)","year":"2013","wordList":["Ally","Bend","Bless","Blunt","Borrow","Curse","Enemy","Lend","Sharp","Straight"]},{"bank":"Islami Bank Bangladesh Ltd.","postName":"Field Officer, RDS","year":"2013","wordList":["Interest in something","Look after","live on something"]},{"bank":"Shahjalal Islami Bank Ltd.","postName":"TO (Cash)","year":"2013","wordList":["Blame","Fill up","Forbade","Realised","Transmit"]},{"bank":"Shahjalal Islami Bank Ltd.","postName":"Trainee Officer","year":"2013","wordList":["Access","Cemetery","Complement","Compliment","Crumble","Excess","Humiliating","Immerse","Satisfactory","Symmetry","Tacit","recognition"]},{"bank":"Bangladesh Bank","postName":"Assistant Director","year":"2013","wordList":["Alien","Confused","Impression","Legitimate","Native","Notion","Preserve","Rebuke","Reprimand","Ruin"]},{"bank":"Social Islami Bank Ltd.","postName":"Probationary Officer","year":"2013","wordList":["Far and wide","In the wake of","On the sly","Set apart","Turn someone aside","Turn something aside"]},{"bank":"Agrani Bank Ltd.","postName":"Senior Officer","year":"2013","wordList":["Indebted"]},{"bank":"Bangladesh Bank","postName":"Assistant Director","year":"2014","wordList":["Deleterious","Discordant","Grandiose","Halcyon","Harmonious","Indolent","Insouciance","Interest","Lethargic","Modest","Peaceful","Salubrious","Usurp"]},{"bank":"Bangladesh Commerce Bank Ltd.","postName":"Probationary Officer","year":"2014","wordList":["Facsimile","Ostentatious","Prognosis","Synchronized","aromatic"]},{"bank":"Mutual Trust Bank Ltd.","postName":"Management Trainee Officer","year":"2014","wordList":["Affront","Articulate","Conclusively","Decisively","Enunciate","Induction","Lax","Profound","Slur","Stringent","Unambiguous"]},{"bank":"Pubali Bank Ltd.","postName":"Officer\/Senior Office","year":"2014","wordList":["Abase","Acumen","Drain","Greenhouse","Impromptu","Incubator","Insight","Offhand","Resolve","Sap","Vitality"]},{"bank":"Pubali Bank Ltd.","postName":"JSO (Cash)","year":"2014","wordList":["Altruistic","Ameliorate","Concomitant","Cunning","Discrete","Equivocate","Generous","Gullible","Incorrigible","Irascible","Provoked","Shard","Sigh","Splinter","Strengthen","Windfall"]},{"bank":"Exim Bank Ltd.","postName":"Officer","year":"2014","wordList":["Animate","At large","Attentive","Be as leaf as a post","Be as light as feather","Black Sheep","Comfort","Controlled","Give in","Hard and fast","Inattentive","Irresponsible","Kith and kin","Malnutrition","Now and Then","Nutrition","Rarely","Rational","Resolute","Rigid","To and fro","Uncontrolled","Weal and woe"]},{"bank":"First Security Islami Bank Ltd.","postName":"Probationary Officer","year":"2014","wordList":["Admonish","Bane","Boon","Broach","Come over to","Concur","Depressed","Destitute","Disseminate","Dissuade","Hinder","Impede","Insolvent","Melancholy","Remorse","Repress","Rescind","Sanguine","Scrupulous","Serene","Ulterior","Uncanny","Underlying"]},{"bank":"Jamuna Bank Ltd.","postName":"Probationary Officer","year":"2014","wordList":["Avidly","Boutique","Come out","Corroborate","Earnestly","Evade","Exemplary","Incorrigible","Merger","Pseudonym","Taciturn"]},{"bank":"Meghna Bank Ltd.","postName":"Management Trainee Officer","year":"2014","wordList":["Cumulus","Earnest","Forensic","Gale","Hedge","Histrionic","Immoral","Lightning","Notable","Notorious","Pawn","Philanthropic","Punctilious","Restrained","Wanton"]},{"bank":"Probasy Kalyan Bank Ltd","postName":"Officer (Cash)","year":"2014","wordList":["Anomalous","Applaud","Brawl","Condemn","Courteous","Everlasting","Indirect","Insolent","Limpid","Melee","Perpetual","Praise","Rebuke","Savory","Scrupulous","Slam","Tortuous","Transparent","Unpalatable","Vicious"]},{"bank":"Rajshahi Krishi Unnoyon Bank.","postName":"Senior Officer","year":"2014","wordList":["Abusive","Boast","Braggart","Convene","Delicate","Diligent","Embezzlement","Encomium","Fastidious","Insist","Laudatory","Muster","Perjury","Sticker","Tirade"]},{"bank":"Probasy Kalyan Bank Ltd.","postName":"Senior Officer","year":"2014","wordList":["Ambivalent","Concealed","Concentrated","Decisive","Disseminated","Meticulous","Revealed"]},{"bank":"Rajshahi Krishi Unnoyon Bank","postName":"Officer","year":"2014","wordList":["Cardiology","Catalogue","Debris","Paleontology","Relies"]},{"bank":"South Bangla Agriculture & Commerce Bank Ltd.","postName":"Management Trainee Officer","year":"2014","wordList":["Advent","Articulate","Conclusively","Cutting edge","Decisively","Disgrace","Enunciate","Lax","Prevalent","Slur"]},{"bank":"Sonali Bank Ltd.","postName":"Officer (Cash)","year":"2014","wordList":["Casual","Distant","Ending","Informal","Lucrative","Profitable","Remote","Retail","Termination","Wholesale"]},{"bank":"Social Islami Bank Ltd.","postName":"Probationary Officer","year":"2014","wordList":["Abridgement","Annotate","Complacency","Epitaph","Idealistic","Indigent","Intimate","Pragmatic","Smug","Warranted"]},{"bank":"Sonali Bank Ltd.","postName":"Senior Officer","year":"2014","wordList":["Economical","Frugal","Impinge","Intermittent","Irregular","Prima facie","Renal failure","Severe","Subterfuge","Tepid","Trespass","Trickery","luke warm"]},{"bank":"UCBL Bank Ltd.","postName":"Trainee Officer","year":"2014","wordList":["Abundance","Delineate","Fulsome","Inclination","Indurate","Noisome","Perspicacity","Predicament","Prevail","plenitude"]},{"bank":"ICB Bank Ltd.","postName":"Senior Officer","year":"2014","wordList":["Audacious","Cowardly","Extant","Inadvertently","Inborn","Ingenious","Innate","Intoxicate","Liquor","Morphine","Naive","Purposely","Sedate","Sophisticated","Truism","Urbane"]},{"bank":"Union Bank Ltd.","postName":"Senior Office","year":"2014","wordList":["Depict","Factions","Hazards","Intent","Merger","Navigate","Oblivious","Possess","Retrieve","Uniformity"]},{"bank":"Bangladesh Development Bank Ltd.","postName":"Officer","year":"2014","wordList":["Amateur","Antagonism","Brown study","Compasssionate","Delirious","Delusive","Engrossed","Ferment","Hole and corner","Insulting","Introvert","Inveigle","Merciful","Outshine","Reverie","Scurrilous","Steal a march"]},{"bank":"BASIC Bank Ltd.","postName":"Assistant officer (Cash)","year":"2014","wordList":["Determine","Discern","Incredible","Remnants","To get into hot waters","To smell a rat","To take a leap in the dark","Unbelievable","abeyance"]},{"bank":"Bangladesh Bank","postName":"Officer","year":"2015","wordList":["Brave","Coward","Flora","Intellectual","Philanthropist","Philanthropist","Philatelist","Proliferate"]},{"bank":"Bangladesh Bank","postName":"Assistant Director","year":"2015","wordList":["Brave","Calm","Euphonious","Extempore","Indict","Laconic","Raven","Reinstate","Restless","Strident","Ulterior","Verbose"]},{"bank":"Midland Bank Ltd.","postName":"Management Trainee Officer","year":"2015","wordList":["Arbitrary","Atheist","Chaos","Connoisseur","Doubt","Fission","Fusion","Gourmet","Just","Order","Propeller","Sail"]},{"bank":"Midland Bank Ltd.","postName":"Trainee Assistant Officer","year":"2015","wordList":["Crumble","Humiliating","Infuriating","Memento","Placid","Recognition","Sturdy","Tacit"]},{"bank":"Agrani Bank Ltd.","postName":"Senior Officer","year":"2015","wordList":["Demise","Deviation","Enamoured","Intolerable","Persistent","Revealing","Vigilant","Worthy of","emulation","inexplicable","possessed"]},{"bank":"National Bank Ltd.","postName":"Probationary Officer","year":"2015","wordList":["Entangle","Excessively","Layout","Outlay","Outlet","Riot","deal with","intricate","progressively","raze"]},{"bank":"Janata Bank Ltd.","postName":"Assistant Executive Officer","year":"2015","wordList":["A bone to pick","Abolish","Abstinent","Acrimonious","Anomalous","Bear the brant","Bite off more than one can chew","Compile","Gregarious","Harmonious","Intractable","Reclusive","Segregate","Snake in the grass","Vicious","Wayward"]},{"bank":"Bank Asia Ltd.","postName":"MT\/PO","year":"2015","wordList":["Daisy","Fidelity","Inane","Incompetent","Ingenious","Lizard","Loyalty","Reptile"]},{"bank":"Agrani Bank Ltd.","postName":"Senior Officer","year":"2015","wordList":["Dandy","Liar","Memento","Spokesman","To smell a rat","Utopia"]},{"bank":"Exim Bank Ltd.","postName":"Trainee Officer","year":"2015","wordList":["Attrition","Diminution","Discolored","Discreate","Disenthrall","Equilateral","Equilibrate","Equiradial","Exemplify","Irregular","Irresponsible","Irreversible","Qualify","Simplify","Venation"]},{"bank":"Janata Bank Ltd.","postName":"AEO (Teller)","year":"2015","wordList":["Benevolent","Consolation","Dull","Encumber","Engross","Escape","Extempore","Inborn","Innate","Involve","Jubilate","Muddy","Obsolete","Omnivorous","Recapitulate","Solace","Superannuated","exult","synopsis"]},{"bank":"Dutch Bangla Bank Ltd.","postName":"Probationary Officer","year":"2015","wordList":["Amnesty","Complacency","Deem","Ephemeral","Inherent","Innate","Momentous","Mutual","Onslaught","Pardon","Redemption","Sign","Symbiotic","Transient"]},{"bank":"Janata Bank Ltd.","postName":"EO\/FO","year":"2015","wordList":["Abundance","Appall","Dearth","Dismay"]},{"bank":"Mercantile Bank Ltd.","postName":"Management Trainee Officer","year":"2015","wordList":["Amenities","Blow away","Disaffected","Dispossess","Escalate","Hindsight","Immaterial","Immemorial","Impalpable","Insensible","Mercenary","Numb","Paucity","Prudence","Retreat","Revenge","Saturn","Scarcity","Titan","Unassuming","Undaunted","Vindictive"]},{"bank":"Pubali Bank Ltd.","postName":"SO\/Officer","year":"2016","wordList":["Bright","Bull","Earnest","Fusion","Immoral","Put up with","Sundry","Synthesis","Various"]},{"bank":"Bangladesh Bank","postName":"Officer (Cash)","year":"2016","wordList":["Aggravate","Alleviate","Concentrate","Desultory","Dissipate","Exempt","Fortuitous","Inherent","Integral","Obliged","Opaque","Susceptible","Transparent"]},{"bank":"Southeast Bank Ltd.","postName":"Trainee Officer","year":"2016","wordList":["Alligator","Daisy","Fidelity","Inane","Ingenious","Lizard","Loyalty","Reptile"]},{"bank":"Standard Bank Ltd.","postName":"Officer (TAD)","year":"2016","wordList":["Aloofness","Amorphous","Autonomous","Bibliography","Concatenate","Concern","Derail","Embroil","Enigmatic","Epitaph","Exaggeration","Impartial","Indefensible","Lucid","Pragmatic","Unambiguous","Vantage"]},{"bank":"Standard Bank Ltd.","postName":"TAO) Cash","year":"2016","wordList":["Fanatic","Loquacious","Tumult","Unchaste","Voluble","Wanton","Warranty","Welter","Zealot"]},{"bank":"Janata Bank Ltd.","postName":"Senior Officer (IT)","year":"2016","wordList":["Apology for","Apology to","Inquiry into","Lie down for a while","Pouring cover","Raise","Rise","Rise of insurgent"]},{"bank":"Sonali Bank Ltd.","postName":"Assistant Programmer","year":"2016","wordList":["View through"]},{"bank":"Sonali Bank Ltd.","postName":"Sub-Assistant Engineer (Architect)","year":"2016","wordList":["Convince of","Doubt in"]},{"bank":"Bangladesh Krishi Bank Ltd.","postName":"IT officer","year":"2016","wordList":["Absolve","Bemuse","Captivate","Categorical","Cohort","Come with","Encumber","Ephemeral","Group","Hinder","Pardon","Preponderance","Solve through","Sought after","Temporary"]},{"bank":"Bangladesh Bank.","postName":"Assistant Director","year":"2016","wordList":["Ancient","Avarice","Blemish","Blunt","Brawl","Cannibal","Generosity","Hardened","Indigent","Inert","Limpid","Melee","Mystical","Obtuse","Ostentation","Showy","Spiritually symbolic","Spoil","Tender","Transparent"]},{"bank":"Bangladesh Development Bank Ltd.","postName":"Officer (Cash)","year":"2016","wordList":["Committee","Goad","Inimical","Out and out","Raconteur","Repent of","Reprimand","be in hot water"]},{"bank":"Sonali Bank Ltd","postName":"Sub-Assistant Engineer (Civil)","year":"2016","wordList":["Capable","Carry on","Credential","Discover"]},{"bank":"Islami Bank Bangladesh Ltd.","postName":"Field Officer (RDS)","year":"2016","wordList":["Out of out","Thoroughly","Tiny"]},{"bank":"Islami Bank Bangladesh Ltd.","postName":"Messenger Cum Guard","year":"2016","wordList":["Die by","In spite of"]},{"bank":"Pubali Bank Ltd.","postName":"Junior Officer (Cash)","year":"2016","wordList":["Bad for","Depart from","Favourite","Strategy","Suggest"]},{"bank":"Bangladesh Commarce Bank Ltd.","postName":"Assistant Officer (General)","year":"2016","wordList":["Appeared to be","Cursory","Cynical","Envy","Guarantee","Hanker after","Irresistible","Leisure","Sarcastic"]},{"bank":"EXTM Bank Ltd.","postName":"Trainee Officer","year":"2016","wordList":["Defendant","Downward","Earnest","Gregarious","Jovial","Plaintiff","Rush","Soliloquy","Terror"]},{"bank":"EXIM Bank Ltd.","postName":"Trainee Officer (Cash)","year":"2016","wordList":["Animosity","Annul","Exotic","Inhibit","Lucid","Make out","Run out","Spurious","hamper"]},{"bank":"Dutch-Bangla Bank Ltd.","postName":"Probationary Officer","year":"2016","wordList":["Aristocratic","Casualties","Inborn","Inclination towards","Outline","Retreat"]},{"bank":"Southeast Bank Ltd.","postName":"Probationary Officer","year":"2016","wordList":["Ambivalent","Belt","Get the axe","Harmonize","Hierarchy","Strength","Tiny"]},{"bank":"Trust Bank Ltd.","postName":"Management Trainee Officer","year":"2016","wordList":["Abacus","Archivist","Bankruptcy","Come in","Cordon","Curator","Dispute","Escape","Incitement","Inculcate","Levee","Sextant"]},{"bank":"Shajalal Islami Bank Ltd.","postName":"Trainee Officer (Cash)","year":"2016","wordList":["Die by","Intestate","Intrepid","Jockey","Rustic","Shout at","Sojourn","Sporadic","Taciturn"]},{"bank":"Bank Asia Ltd.","postName":"Probationary Officer","year":"2016","wordList":["Anthropology","Haughty","Horizon","Humble","Imposter","Insolvent","Overt","Secret","Stoic","Violent"]},{"bank":"City Bank Ltd.","postName":"Probationary Officer","year":"2016","wordList":["Accept","Against","Arrogance","Blemish","Impose","Manage","Refrain","Tactfully"]},{"bank":"Dhaka Bank Ltd.","postName":"Trainee Officer","year":"2016","wordList":["Abide by","Adequate","Brigade","Learn by heart","Obstinate","On purpose","Plethora","Unwanted"]},{"bank":"Modhumoti Bank Ltd.","postName":"Probationary Officer","year":"2016","wordList":["Dupe","Habituation","Pledge","Propose","Renounce","Stipulate"]},{"bank":"Mutual Trust Bank Ltd.","postName":"Probationary Officer","year":"2016","wordList":["Lead to","Pore over"]},{"bank":"UCBL Bank Ltd.","postName":"Probationary Officer","year":"2016","wordList":["Apathetic","Bump","Fantasy","Fearful","Indifferent","Jostle","Obsession","Phobic","Relinquish","Yield"]},{"bank":"Janata Bank Ltd.","postName":"Executive Officer (Electrical Engineer)","year":"2017","wordList":["Commodity","Crisis","Extend","Pertinent","Re-emerge","Superfluity","Trustfulness","Vindictive"]},{"bank":"Janata Bank Ltd.","postName":"Executive Officer (Civil Engineer)","year":"2017","wordList":["Devoid of","Precinct","Remittance","Ridiculous"]},{"bank":"Bangladesh Krishi Bank Ltd.","postName":"Senior Officer","year":"2017","wordList":["Acrimonious","Hold your head high","Indigent","Obsession"]},{"bank":"Janata Bank Ltd.","postName":"Executive Officer (Morning)","year":"2017","wordList":["Accommodate","Acquaintance","Concealed","Demurrage","Depressed","Erroneously","Impatience","Morose","Occurred","Ostentation","Quickness","Sundry"]},{"bank":"Janata Bank Ltd.","postName":"Executive Officer (Afternoon)","year":"2017","wordList":["Aberration","Aloof","Applaud","Attract","Enslave","Execrable","Failure","Flatter","Frugality","Generosity","Isolationist","Laudable","Manumit","Repel","Triumph","Typical behavior"]},{"bank":"Islami Bank Bangladsh Ltd.","postName":"Probationary Officer","year":"2017","wordList":["Carry ahead","Intelligible"]},{"bank":"One Bank Ltd.","postName":"SCO","year":"2017","wordList":["Bolster","Crass","Defile","Diatribe","Disprove","Effeminacy","Eulogy","Fair","Haste","Manliness"]},{"bank":"Modhumoti Bank Ltd.","postName":"Probationary Officer","year":"2017","wordList":["Arrhythmic","Blithe","Conciliatory","Drone","Frequency","Grave","Indistinct","Mutter","Obligatory","Polemical","Rarity","Separate"]},{"bank":"Bank Asia Ltd.","postName":"Management Trainee","year":"2017","wordList":["Adhere","Antibiotic","Aver","Blueprint","Coagulant","Complaisant","Deference","Denunciation","Detach","Effrontery","Eulogy","Judge","Obdurate","Obverse","Perverse","Praise","Prune","Recent","Reverse","Supine","Trim","Vigilant"]},{"bank":"Social Islami Bank Ltd.","postName":"Probationary Officer","year":"2017","wordList":["Adverse","Agreeable","Arbitrate","Bend","Cadge","Censure","Commingle","Conceal","Derision","Dilate","Extraordinary","Humility","Jeer","Quotidian","Reprimand","Resistance","Specious","Supplicant","Unfeigned"]},{"bank":"IFIC Bank Ltd.","postName":"Management Trainee Officer","year":"2017","wordList":["Charge somebody with","Committee","Distinguished","Disvow","Dog days","Dormant","Fire on or fire at","Go to the dogs","Head on","Humorous","Immature","Inactive","Provide"]},{"bank":"Pubali Bank Ltd.","postName":"Senior Officer","year":"2017","wordList":["Barbaric","Blizzard","Compound","Consolation","Dehydrate","Desiccate","Doubtful","Effortless","Exacting","Fallow","Fog","Inconsequent","Misogynist","Misologist","Pacific","Ponderous","Solace","Tortuous","Tranquil","Unthoughtful"]},{"bank":"Mutual Bank Ltd.","postName":"Management Trainee","year":"2017","wordList":["Abrasion","Adhesion","Charm","Decomposition","Feint","Grovel","Leakage","Lubricate","Malapropism","Martial","Pluck","Quit","Seal","Verbal"]},{"bank":"Agrani Bank Ltd.","postName":"Senior Officer","year":"2017","wordList":["Assiduous","Curiosity","Diligent","Hypocritical","Psychotic","Sincere","Wanderlust"]},{"bank":"Bangladesh Krishi Bank Ltd.","postName":"Officer","year":"2017","wordList":["Animosity","Candid","Devious","Docile","Flamboyant","Hostility","Obedient","Shabby","Unkempt"]},{"bank":"Janata Bank Ltd.","postName":"AED","year":"2017","wordList":["Adore","Belittle","Narcissism","Notorious","Stagnate","Thrive"]},{"bank":"Al-Arafa Islami Bank Ltd.","postName":"Management Trainee Officer","year":"2017","wordList":["Brochure","Cautious","Flask","Obstinate","Paucity","Precarious","Prominent","Richness"]},{"bank":"Dutch-Bangla Bank Ltd.","postName":"Probationary Officer","year":"2017","wordList":["Apathetic","Elevate","Furnish","Indifferent","Infuriating","Threaten"]},{"bank":"Rajshahi Krishi Unnayan Bank","postName":"Cashier","year":"2017","wordList":["Frank","Incredulous","Insincere","Shrill","Thorough","Tragic"]},{"bank":"Rajshahi Krishi Unnayan Bank","postName":"Supervisor","year":"2017","wordList":["An unreasonable person","Confiscate","Possess","Possess","Supercilious","To listen eagerly"]},{"bank":"Islami Bank Bangladesh Ltd.","postName":"ATO","year":"2017","wordList":["Gracious","Impatient","Nimble","Rough","Theist","Theologist"]},{"bank":"Jamuna Bank Ltd.","postName":"Probationary Officer","year":"2017","wordList":["Compel","Considerable","Considering","Convincing","Echo","Enervate","Obviously","Shun"]},{"bank":"Bangladesh House Building Corporation","postName":"Senior Officer","year":"2017","wordList":["Appreciate","Cannibal","Crowded","Eulogy","Extol","Forlorn","Lavish","Scanty"]},{"bank":"Bangladesh Krishi Bank Ltd.","postName":"Officer Cash","year":"2017","wordList":["Autism","Nadir","Peak","Zenith"]},{"bank":"Investment Corporation of Bangladesh","postName":"Administrative Officer","year":"2017","wordList":["Brew","Graceful","Indifferent","Insightful","Vindictive"]},{"bank":"Uttara Bank Ltd.","postName":"Probationary Officer","year":"2017","wordList":["Associate","Broke off","Contemporary","Interesting","Organized","Significant","Undesirable"]},{"bank":"Probashi Kallyan Bank Ltd.","postName":"EO General","year":"2017","wordList":["Burst","Facilitate","Hinder","Indifferent","Propel","Recollect"]},{"bank":"Uttara Bank Ltd.","postName":"AO Cash","year":"2017","wordList":["Hackneyed","Prick","Relic","Scold","Submerge","Walk on"]},{"bank":"National Bank Ltd.","postName":"Probationary Officer","year":"2017","wordList":["Adulteration","Deposition","Dote","Loquacious","Relapse","Worship"]},{"bank":"Agrani Bank Ltd.","postName":"Officer Cash","year":"2017","wordList":["Cacography","Divine","Fisherman","Mellifluous"]},{"bank":"Bangladesh House Building Finance Corporation","postName":"Officer","year":"2017","wordList":["Forecast","Gentle","Listless","Lunatic","Plagiarist","Stylist"]},{"bank":"Probashi Kallyan Bank Ltd.","postName":"Senior Officer","year":"2018","wordList":["Discourse","Inflation","Interest","Massive","Questionnaire","Ridiculous","Strategy","Transitory"]},{"bank":"8 Banks","postName":"Senior Officer","year":"2018","wordList":["Anomalous","Antagonist","Beau","Beckon","Belittle","Disdain","Reconnaissance"]},{"bank":"Probashi Kallayn Bank Ltd.","postName":"Senior Officer","year":"2018","wordList":["Cruel","Merciful","Mindful","Ruthless"]},{"bank":"BASIC Bank Ltd.","postName":"AM","year":"2018","wordList":["Bud","Dumb","Lascivious","Light","Lizard","Speech","Vulnerable"]},{"bank":"IFIC Bank Ltd.","postName":"ATO","year":"2018","wordList":["Bondage","Die away","Die by","Die for","Die from","Die off","Fantasy","Rhythm","Serfdom"]},{"bank":"EXIM Bank Ltd.","postName":"ATO","year":"2018","wordList":["Aborigine","Apiary","Apiculture","Draper","Etiology","Gust","Panacea","Sanctuary","Vindicate"]},{"bank":"Rupali Bank Ltd.","postName":"Officer Cash","year":"2018","wordList":["Bizarre","Canine","Cause","Epidemic","Fuel","Hey day","Manly","Time of uprise"]},{"bank":"Investment Corporation of Bangladesh","postName":"Cashier","year":"2018","wordList":["A piece of cake","Inferiority","Rigid","Walk into"]},{"bank":"Modhumoti Bank Ltd.","postName":"Probationary Officer","year":"2018","wordList":["Convoke","Epilogue","Indigenous","Inflate","Minimize","Prologue","Quell","Redundant"]},{"bank":"Sonali Bank Ltd.","postName":"Officer","year":"2018","wordList":["Deception","Duplicity","Float"]},{"bank":"Bangladesh Bank","postName":"Officer","year":"2018","wordList":["Destroyer","Questionnaire","Redeemer","Sedentary"]},{"bank":"Sonali Bank Ltd.","postName":"Officer Cash","year":"2018","wordList":["Abundant","Articulate","Comment","Compliant","Humiliate","Inadequate","Lava","Pungent","Radiation","Tear"]},{"bank":"Sonali Bank Ltd.","postName":"Senior Officer","year":"2018","wordList":["Anodyne","Arid","Atrocious","Erroneous","Faulty","Horrible","Humid","Lethargic","Pedagogic","Prone to anger","Scholar"]},{"bank":"One Bank Ltd.","postName":"SCO","year":"2018","wordList":["Defy","Demand","Impermeable","Lackluster","Laconic","Porous","Rebuff","Refulgent","Supplicate","Verbose"]},{"bank":"Southeast Bank Ltd.","postName":"Trainee Officer","year":"2018","wordList":["Anarchy","Conscientious","Penury","Slump"]},{"bank":"Standard Bank Ltd.","postName":"Trainee Assistant Officer","year":"2018","wordList":["Construction","Evasive","Harmless","Perpetuate","Relinquish","Renounce","Repeal","Surveillance","Synthesis","Violent"]},{"bank":"IFIC Bank Ltd.","postName":"Management Trainee Officer","year":"2018","wordList":["Accommodation","Circulate","Ordinance","Proclaim","Stable","Tedious","Witness"]},{"bank":"Sonali Bank and Janata Bank Ltd.","postName":"Senior Officer - ICT","year":"2018","wordList":["Augment","Conservative values","Diminish","Meticulous","Objectify","Probity","Virtue"]},{"bank":"Bangladesh Bank","postName":"Assistant Director","year":"2018","wordList":["Concealment","Entrepreneur","Harbour","Insipid","Sanguine","Stronghold"]},{"bank":"8 Banks","postName":"Senior Officer","year":"2018","wordList":["Dominate","Intentionally","Judiciary","Resolve","Tantamount","Upright","Vertebrate","ecosystem","site","vibrant"]},{"bank":"2 Banks","postName":"Officer","year":"2018","wordList":["Absolute","Criminal","Eccentric","Flabbergast","Latent","Prevent","Skim","Smog"]},{"bank":"3 Banks","postName":"Senior Officer","year":"2018","wordList":["Agile","Diverse","Fell","Insightful","Precinct","Ring a bell","Snip"]},{"bank":"Polli Sanchay Bank Ltd.","postName":"Assistant Cash Officer","year":"2018","wordList":["Ardor","Bring about","Bring forth","Concern","Embarrass","Indolence","Plausibility","Skeptic"]},{"bank":"3 Banks","postName":"Officer Cash","year":"2018","wordList":["Accumulate","Cite","Ingenuous","Ostentatious","Out of the way","Scatter"]},{"bank":"5 Banks","postName":"AME (IT)","year":"2018","wordList":["Conflict","Debate","Eddy","Evolution","Mandate","Wreckage"]},{"bank":"4 Banks","postName":"IT","year":"2018","wordList":["Fastidious","Formidable","Myopia","Reminisce"]},{"bank":"Shajalal Islami Bank Ltd.","postName":"Trainee Senior Officer","year":"2018","wordList":["Console","Controversial","Disgust","Gradual","Investigate","Meteoric","Profound","Uniformity"]},{"bank":"2 Banks","postName":"Officer IT","year":"2019","wordList":["Compose","Ignorant","Influence","Protract","Sensible","Set back","Worried"]},{"bank":"IFIC Bank Ltd.","postName":"Trainee Senior Officer","year":"2019","wordList":["Accommodate","Amateur","Brain Drain","Incurable","Servant","Spotless"]},{"bank":"Pubali Bank Ltd.","postName":"TAJO Cash","year":"2019","wordList":["Autonomous","Beneath","Declare","Flatter","Indulgence","Mysterious","Perimeter","Soften","Suggest"]},{"bank":"Pubali Bank Ltd.","postName":"J0","year":"2019","wordList":["Acquaint","Broadcaster","Categorical","Gentle","Hostility","Obscure","Recommend","Untrue","Vacuum"]},{"bank":"Sonali Bank Ltd.","postName":"Officer FF","year":"2019","wordList":["Amateur","Atmosphere","Brainstorming","Follower","Perpetual","Reveal","Stagnant"]},{"bank":"5 Banks","postName":"Officer Cash","year":"2019","wordList":["Detail","Overhaul","Passion","Sincere","Spectacle","Trouble","Turmoil"]},{"bank":"Pubali Bank Ltd.","postName":"TAJO - Cash","year":"2019","wordList":["Abstinence","Abysmal","Glib","Mysterious","Perimeter","Persuasive","Self denial","Soften","Suggest"]},{"bank":"8 Banks","postName":"Senior Officer","year":"2019","wordList":["Acute","Adventitious","Affluence","Capricious","Efflorescence","Take after"]},{"bank":"2 Banks","postName":"Officer IT","year":"2019","wordList":["Explode","Hunger","Ignite","Treason"]},{"bank":"Probashi Kallyan Bank Ltd.","postName":"AP","year":"2019","wordList":["Circulate","Disseminate","Inflation","Intemperate","Pathetic","Short lived"]},{"bank":"Probashi Kallyan Bank Ltd.","postName":"EO","year":"2019","wordList":["Loose","Obsess","Penetrate","Perpetuate","Procrastinate","Submissive"]},{"bank":"Sonali Bank Ltd.","postName":"DAE","year":"2019","wordList":["Generous","Nationalism","Smooth","Sophisticated"]},{"bank":"Probashi Kallyan Bank Ltd.","postName":"EO Cash","year":"2019","wordList":["Decadent","Dissolution","Enthusiasm","Gaunt","Orthodoxy","Protract"]},{"bank":"Probashi Kallyan Bank Ltd.","postName":"Programmar","year":"2019","wordList":["Keeping up","Maintain"]},{"bank":"Rupali Bank Ltd.","postName":"Officer","year":"2019","wordList":["Benefit","Cohesion","Collapse","Collide"]},{"bank":"Rupali Bank Ltd.","postName":"Senior Officer","year":"2019","wordList":["Facilitating","Grapple","Motion","Stress"]},{"bank":"Janata Bank Ltd.","postName":"AED","year":"2019","wordList":["Deliberate","Haphazard","Loquacious","Voluble"]},{"bank":"Janata & Rupali Bank Ltd.","postName":"Officer-General","year":"2019","wordList":["Equanimity","Tear","Thrasher","etiquette","fallacy","orchestra"]},{"bank":"Janata Bank Ltd.","postName":"AEO Teller","year":"2019","wordList":["efflorescence","heterogenous","supersede"]},{"bank":"Bangladesh Bank","postName":"Officer General","year":"2019","wordList":["Extinction","Peasant","Survival","Vigilant"]},{"bank":"IFIC Bank Ltd.","postName":"Transaction Service Officer","year":"2019","wordList":["Accompany","Amateur","Impossible"]},{"bank":"Dhaka Bank Ltd.","postName":"TACO","year":"2019","wordList":["Incompetent","Ingenious"]},{"bank":"IFIC Bank Ltd.","postName":"Transaction Service Officer","year":"2019","wordList":["Deference","Duration","To smell a rat"]},{"bank":"EXIM Bank Ltd.","postName":"Trainee Officer","year":"2020","wordList":["Appreciate","Arduous","Ascertain","Disguise","Magnificent","Provoke"]}]