[{"bcs":40,"wordList":["Appall","dismay","Dearth","Abundance"]},{"bcs":38,"wordList":["Franchise","privilege","Frugal","Extravagant"]},{"bcs":37,"wordList":["Append","Alluring","tempting","Stipulation","provision"]},{"bcs":36,"wordList":["Venerate","Initiative","Apathy","Transitory","Permanent","Hibernate","Liveliness"]},{"bcs":35,"wordList":["Initiative","Enterprise","Rapidly","Exponentially","Periphery"]},{"bcs":31,"wordList":["Periphery","Periphery","Sporadic","Scattered","Omnipotent","Supreme","Room","Space","Condemn","Denounce","Improvement","Betterment","Liability","Assets","Admire","hate","Repeal","Enact","Equity","Bias"]},{"bcs":32,"wordList":["Permissive","liberal","Extempore","Impromptu","Menacing","Menacing","Alarming","Courteous","Courteous","oblige","bother","Cynical","Gullible"]},{"bcs":33,"wordList":["Succumb"]},{"bcs":29,"wordList":["Pragmatic","Precedence","Priority","Disinterested","Neutral"]},{"bcs":27,"wordList":["Bounty","generosity","Obese"]},{"bcs":26,"wordList":["Magnanimous","Generous"]},{"bcs":24,"wordList":["Obdurate","Stubborn","Gullible","Viable","Handy","Useful","recalcitrant","Compliant"]},{"bcs":23,"wordList":["Resentment","Indignation"]},{"bcs":20,"wordList":["Cohesive"," Stick together"]},{"bcs":18,"wordList":["Infringe","Transgress","Brochure","pamphlet","Equivocal","Mistaken","Illusive"]},{"bcs":17,"wordList":["Efface","Rub out","Sluggish","Animated","Inimical","Friendly"]},{"bcs":16,"wordList":["Intellectual","Wisdom"]},{"bcs":15,"wordList":["Intrepid","Fearless","Bootleg","Smuggle","Incredible","Unbelievable"]},{"bcs":14,"wordList":["Supercilious","Affable","Indifference","Ardour"]},{"bcs":13,"wordList":["Scuttle","obscure","Belated","Tardy","Sequences","Euphemism","inoffensive"]},{"bcs":10,"wordList":["Competent","Capable","Jovial","Gay"]},{"bcs":11,"wordList":["Incite","Instigate","Honorable","Salaried","Gentle","Rude"]},{"bcs":12,"wordList":["Delude","Deceive"]}]