[{"bankName":"Premier Bank Ltd.","postName":"TJO","examYear":"2020","wordList":["Candid","Devious","Abomination","Alter","Amend","Debase","Whine"]},{"bankName":"Joint Recruitment for 4 Banks","postName":"AP","examYear":"2020","wordList":["Pseudonym","Namesake","Anonymous","destruction"]},{"bankName":"United Commercial Bank Ltd","postName":"PO","examYear":"2020","wordList":["Penetration","Considerate","confidence","Abundant","Satisfaction","Desperately","Frustration"]},{"bankName":"Southeast Bank Ltd","postName":"PO","examYear":"2020","wordList":["Vituperate","Passive","Coronation","Abuse","Disgust","Bungle","Relish","Fatal","Denial"]},{"bankName":"Sonali \u0026 Janata Bank","postName":"Officer IT","examYear":"2020","wordList":["Admonish","Pseudonym","Anonymous","Taciturn","Gloomy","Vilify","Servile","Dedicated"]},{"bankName":"Bangladesh Bank","postName":"DE CO IT","examYear":"2020","wordList":["Manifest","Transparent","Explicit","Exemplary","Apparent"]}]