[{"bankName":"Bank","postName":"Officer Cash","examYear":"2020","wordList":["Unyielding","Etymology","Phonology","Vacillating"]},{"bankName":"NRBC Bank Ltd.","postName":"TAO","examYear":"2021","wordList":["Existence","Disavow","Eschew","Detest","Ductile","Embezzle"]},{"bankName":"Rupali Bank Ltd.","postName":"ANE","examYear":"2021","wordList":["Sensitive","Fragile"]},{"bankName":"Joint Recruitment for 3 Banks","postName":"AE IT","examYear":"2020","wordList":["Diverse","Depict","Exhibit","Apprehend"]},{"bankName":"Sonali Bank Ltd.","postName":"ADA","examYear":"2020","wordList":["Engage","Essential","Complicate","Fanciful"]},{"bankName":"Combined 6 Banks","postName":"AP","examYear":"2021","wordList":["Occasionally","Bargain"]},{"bankName":"Joint Recruitment for 2 Banks","postName":"SO IT","examYear":"2020","wordList":["Deferment","Incurious","Bad debt","Entrepreneur"]},{"bankName":"Janata Bank","postName":"SO ET","examYear":"2020","wordList":["Optimist","Pessimist","Properly","Look forward to"]},{"bankName":"Dhaka Bank Ltd.","postName":"TAO","examYear":"2021","wordList":["Perambulate","Affidavit","Erratic","Chauvinism"]}]