[{"bankName":"Social Islami Bank Ltd.","postName":"PO","examYear":"2021","wordList":["Bickering","Remorse","discontinuity","Indiscretion","Reproof","Trance"]},{"bankName":"First Security Islami Bank Ltd.","postName":"PO","examYear":"2021","wordList":["Clique","Exacerbate"]},{"bankName":"Islami Bank Bangladesh Ltd.","postName":"TAO","examYear":"2021","wordList":["Pliable","Devious","Comfort","Sedative","Mammoth","Dumb"]},{"bankName":"Probashi Kollyan Bank Ltd.","postName":"Senior Officer","examYear":"2021","wordList":["Adulation"]},{"bankName":"Probashi Kollyan Bank Ltd.","postName":"Officer Cash","examYear":"2021","wordList":["Conscious","Careless","Etymology","Morphology"]},{"bankName":"Dhaka Bank Ltd.","postName":"TO","examYear":"2021","wordList":["Paragon","Diligence","Bellitlement","Gastronomic","Vagary","Promoting"]},{"bankName":"Global Islami Bank Ltd.","postName":"PO","examYear":"2021","wordList":["Tiny","Bureaucracy","Deference","Unprecedented"]},{"bankName":"Premier Bank Ltd.","postName":"TAJO Cash","examYear":"2021","wordList":["Stockade","Complacency","Gymnastic","Insincere"]},{"bankName":"United Commercial Bank Ltd.","postName":"PO","examYear":"2021","wordList":["Accommodating","Granting","Unique","Brush off","Antagonize","Pervasive"]}]