[{"bankName":"Bangladesh Bank","postName":"AD","examYear":"2021","wordList":["Liaison","Minuscule","Embrace","Violent"]},{"bankName":"Combined 7 Banks \u0026 1 Financial Institution","postName":"SO-General","examYear":"2021","wordList":["Threw an epic dinner party","Fantasy","Pedestrian","Figment"]},{"bankName":"Combined 5 Banks","postName":"Officer-Cash","examYear":"2022","wordList":["Condemn","Frugal","Pitfall","Concede","Shortcoming"]},{"bankName":"Probashi Kallyan Bank Ltd.","postName":"Officer-General","examYear":"2021","wordList":["Unknot","Rough","Unravel","Tangle"]},{"bankName":"Combined 8 Banks","postName":"Officer-General","examYear":"2022","wordList":["Occasion","Promulgate","Pessimistic","Unavoidable"]},{"bankName":"Combined 5 Banks","postName":"Officer-Cash","examYear":"2022","wordList":["Unprejudiced","Extraneous","Open minded","Ravenous"]},{"bankName":"Karmasangsthan Bank","postName":"DEO","examYear":"2022","wordList":["Disseminate","Circulate","Malfeasance"]},{"bankName":"Karmasangsthan Bank","postName":"AO-Gen-Cash","examYear":"2021","wordList":["Float","Argumentation","Bring about","Disparity","Difference"]},{"bankName":"Combined 9 Banks","postName":"Officer-General","examYear":"2022","wordList":["Kindergarten","Perpetual","Everlasting","Peak","Persistence","Plethora"]},{"bankName":"Uttara Bank Ltd.","postName":"PO","examYear":"2021","wordList":["Fastidious","Perforated","Impressionable","Steadfast","Educe","Elicit"]}]