[{"bankName":"Global Islami Bank Ltd.","postName":"PO","examYear":"2022","wordList":["Dismantle","Shackle","Symphony","Atypical","Enmity","Whisper","Fantastic","Deluge"]},{"bankName":"Islami Bank Bangladesh Ltd.","postName":"FO","examYear":"2022","wordList":["Pleasant","Preparation","Memorization","Boring","Oblivion"]},{"bankName":"NRB Commercial Bank Ltd.","postName":"TO","examYear":"2022","wordList":["Livid","Soothe","Viscous","Improve","Acrid","Grate","Gather","Rancid"]},{"bankName":"Premier Bank Ltd.","postName":"TJO-Cash","examYear":"2022","wordList":["Desert","Gravity","Parliament"]},{"bankName":"Uttara Bank Ltd.","postName":"AO-Cash","examYear":"2022","wordList":["Etiquette","Slapdash","Courage","Boutique","Encyclopedia","Violence","Statistics","Eurhythmics","Postpone","Conductor","Theatre","Complexion","Mangle","Awkward","Endless"]},{"bankName":"Bangladesh Bank","postName":"AD","examYear":"2022","wordList":["Narcotic","Predictable","Persistence","Antiseptic","Relapse","Cumulative"]},{"bankName":"One Bank Ltd.","postName":"SCO","examYear":"2022","wordList":["Diva","Thespian","Wan","Erudite","Morbid","Amuse"]}]