[{"bankName":"Combined 9 Bank \u0026 1 Financial Institutions","postName":"Officer-General","examYear":"2023","wordList":["Connoisseur","Mercenary","Spontaneous","Provident","Diatribe","Humorous"]},{"bankName":"Grameen Bank","postName":"Apprentice Centre Manager","examYear":"2023","wordList":["Warrior","Soldier","steady","Equivocal"]},{"bankName":"Grameen Bank","postName":"Apprentice Officer","examYear":"2023","wordList":["Amateur"]},{"bankName":"Probasi Kollyan Bank","postName":"Office Assistant","examYear":"2023","wordList":["Properly","Appropriate","Aggressive","Ability"]},{"bankName":"Combined 9 Bank \u0026 FI","postName":"SO-General","examYear":"2023","wordList":["Omnipotent","Scintillating","Inane","Omnipresent","Significant","Nonsense"]},{"bankName":"Bangladesh Bank","postName":"Officer-General","examYear":"2022","wordList":["Worship","Taunt","Arbitrate","Centurion","Satirize","Discourage"]},{"bankName":"Combined 7 Banks","postName":"Officer-Cash","examYear":"2023","wordList":["Extempore","Straight forward","Adorable","Clumsy","Adversity","Bureaucrat"]},{"bankName":"Dhaka Bank Ltd.","postName":"Trainee Officer","examYear":"2022","wordList":["Precise","Provincial","Solitary","Mutual","Timid","Senile"]}]